{
    "Herb": {
		"hidden": true,
        "yaml_option": [
            "Herbs"
        ]
    },
    "Treasure": {
		"hidden": true,
        "yaml_option": [
            "TreasureLocations"
        ]
    },
    "Crow": {
        "yaml_option": [
            "Crows"
        ]
    },
    "Merchant Weapon": {
        "yaml_option": [
            "MerchantWeapons"
        ]
    },
    "Merchant Upgrade": {
        "yaml_option": [
            "MerchantUpgrades"
        ]
    },
    "Merchant Exclusive Upgrade": {
        "yaml_option": [
            "MerchantExclusives"
        ]
    },
    "New Game Plus 1": {
        "hidden": true,
        "yaml_option": [
            "Matilda"
        ]
    },
    "New Game Plus 2": {
        "hidden": true,
        "yaml_option": [
            "InfiniteLauncher"
        ]
    },
    "New Game Plus 3": {
        "hidden": true,
        "yaml_option": [
            "ChicagoTypewriter"
        ]
    },
    "New Game Plus 4": {
        "hidden": true,
        "yaml_option": [
            "Handcannon"
        ]
    },
    "New Game Plus 5": {
        "hidden": true,
        "yaml_option": [
            "PRL412"
        ]
    },
    "Separate Ways": {
		"hidden": true,
        "yaml_option": [
            "SeparateWays"
        ]
    },
	"Mercenaries": {
		"yaml_option": [
			"MercenariesMode"
		]
	}
}