{
    "game": "ResidentEvil4",
    "player": "VincentsSin",
    "filler_item_name": "Plaga Virus",
    "starting_items": [
        {
            "items": [
                "Handgun"
            ]
        },
        {
            "item_categories": [
                "New Game Plus 1"
            ]
        },
        {
            "item_categories": [
                "New Game Plus 2"
            ]
        },
        {
            "item_categories": [
                "New Game Plus 3"
            ]
        },
        {
            "item_categories": [
                "New Game Plus 4"
            ]
        },
        {
            "item_categories": [
                "New Game Plus 5"
            ]
        }
    ]
}