{
    "Chapter 1-1": {
        "connects_to": [
            "Chapter 1-2"
        ]
    },
    "Chapter 1-2": {
        "connects_to": [
            "Chapter 1-3"
        ]
    },
    "Chapter 1-3": {
        "connects_to": [
            "Chapter 2-1"
        ]
    },
    "Chapter 2-1": {
        "requires": "|Del Lago Defeated|",
        "connects_to": [
            "Chapter 2-2"
        ]
    },
    "Chapter 2-2": {
        "requires": "|Del Lago Defeated| AND |El Gigante Defeated|",
        "connects_to": [
            "Chapter 2-3"
        ]
    },
    "Chapter 2-3": {
        "requires": "|Del Lago Defeated| AND |El Gigante Defeated|",
        "connects_to": [
            "Chapter 3-1"
        ]
    },
    "Chapter 3-1": {
        "requires": "|Del Lago Defeated| AND |El Gigante Defeated| AND |Mendez Defeated|",
        "connects_to": [
            "Chapter 3-2"
        ]
    },
    "Chapter 3-2": {
        "requires": "|Del Lago Defeated| AND |El Gigante Defeated| AND |Mendez Defeated|",
        "connects_to": [
            "Chapter 3-3"
        ]
    },
    "Chapter 3-3": {
        "requires": "|Del Lago Defeated| AND |El Gigante Defeated| AND |Mendez Defeated|",
        "connects_to": [
            "Chapter 3-4"
        ]
    },
    "Chapter 3-4": {
        "requires": "|Del Lago Defeated| AND |El Gigante Defeated| AND |Mendez Defeated|",
        "connects_to": [
            "Chapter 4-1"
        ]
    },
    "Chapter 4-1": {
        "requires": "|Del Lago Defeated| AND |El Gigante Defeated| AND |Mendez Defeated|",
        "connects_to": [
            "Chapter 4-2"
        ]
    },
    "Chapter 4-2": {
        "requires": "|Del Lago Defeated| AND |El Gigante Defeated| AND |Mendez Defeated|",
        "connects_to": [
            "Chapter 4-3"
        ]
    },
    "Chapter 4-3": {
        "requires": "|Del Lago Defeated| AND |El Gigante Defeated| AND |Mendez Defeated|",
        "connects_to": [
            "Chapter 4-4"
        ]
    },
    "Chapter 4-4": {
        "requires": "|Del Lago Defeated| AND |El Gigante Defeated| AND |Mendez Defeated|",
        "connects_to": [
            "Chapter 5-1"
        ]
    },
    "Chapter 5-1": {
        "requires": "|Del Lago Defeated| AND |El Gigante Defeated| AND |Mendez Defeated| AND |Salazar Defeated|",
        "connects_to": [
            "Chapter 5-2"
        ]
    },
    "Chapter 5-2": {
        "requires": "|Del Lago Defeated| AND |El Gigante Defeated| AND |Mendez Defeated| AND |Salazar Defeated|",
        "connects_to": [
            "Chapter 5-3"
        ]
    },
    "Chapter 5-3": {
        "requires": "|Del Lago Defeated| AND |El Gigante Defeated| AND |Mendez Defeated| AND |Salazar Defeated|",
        "connects_to": [
            "Chapter 5-4"
        ]
    },
    "Chapter 5-4": {
        "requires": "|Del Lago Defeated| AND |El Gigante Defeated| AND |Mendez Defeated| AND |Salazar Defeated| AND |Krauser Defeated|",
        "connects_to": [
            "Final Chapter"
        ]
    },
    "Final Chapter": {
        "requires": "|Del Lago Defeated| AND |El Gigante Defeated| AND |Mendez Defeated| AND |Salazar Defeated| AND |Krauser Defeated|"
    },
    "Separate Ways Ch. 1": {
        "requires": "|Separate Ways|",
        "connects_to": [
            "Separate Ways Ch. 2"
        ]
    },
    "Separate Ways Ch. 2": {
        "requires": "|Separate Ways| AND |Chapter 1 Complete|",
        "connects_to": [
            "Separate Ways Ch. 3"
        ]
    },
    "Separate Ways Ch. 3": {
        "requires": "|Separate Ways| AND |Chapter 1 Complete| AND |Chapter 2 Complete|",
        "connects_to": [
            "Separate Ways Ch. 4"
        ]
    },
    "Separate Ways Ch. 4": {
        "requires": "|Separate Ways| AND |Chapter 1 Complete| AND |Chapter 2 Complete| AND |Chapter 3 Complete|",
        "connects_to": [
            "Separate Ways Ch. 5"
        ]
    },
    "Separate Ways Ch. 5": {
        "requires": "|Separate Ways| AND |Chapter 1 Complete| AND |Chapter 2 Complete| AND |Chapter 3 Complete| AND |Chapter 4 Complete|"
    },
	"Mercenaries": {
		"requires": "|Mercenaries Mode|"
	}
}